{
  "project_info": {
    "project_number": "951614671878",
    "firebase_url": "https://bio-extratus-da9af.firebaseio.com",
    "project_id": "bio-extratus-da9af",
    "storage_bucket": "bio-extratus-da9af.appspot.com"
  },
  "client": [
    {
      "client_info": {
        "mobilesdk_app_id": "1:951614671878:android:020e2e53c2cd3118",
        "android_client_info": {
          "package_name": "com.example.infcomercial4.bioextratus"
        }
      },
      "oauth_client": [
        {
          "client_id": "951614671878-sued09j225lsbekrvahekn9sjatv3smt.apps.googleusercontent.com",
          "client_type": 1,
          "android_info": {
            "package_name": "com.example.infcomercial4.bioextratus",
            "certificate_hash": "1c6cad3b6569d3cd56807884629ab4bb10c3c9dd"
          }
        },
        {
          "client_id": "951614671878-cube50b1ob249kcu4o01ubpf3m1vpv47.apps.googleusercontent.com",
          "client_type": 3
        }
      ],
      "api_key": [
        {
          "current_key": "AIzaSyDA6o9_ptFajOTZgp3_GxikcruBMRUScbk"
        }
      ],
      "services": {
        "analytics_service": {
          "status": 1
        },
        "appinvite_service": {
          "status": 2,
          "other_platform_oauth_client": [
            {
              "client_id": "951614671878-cube50b1ob249kcu4o01ubpf3m1vpv47.apps.googleusercontent.com",
              "client_type": 3
            }
          ]
        },
        "ads_service": {
          "status": 2
        }
      }
    }
  ],
  "configuration_version": "1"
}